{
    "web": {
        "auth_uri":"https://accounts.google.com/o/oauth2/auth",
        "client_secret":"xeKggF18M-iWWeQ7FyBoFAUS",
        "token_uri":"https://accounts.google.com/o/oauth2/token",
        "client_email":"675203641351-pdvf18cfu4form1erjmq8agfudnduvej@developer.gserviceaccount.com",
        "redirect_uris": [
            "http://localhost:5000/oauth2callback"
        ],
        "client_x509_cert_url":"https://www.googleapis.com/robot/v1/metadata/x509/675203641351-pdvf18cfu4form1erjmq8agfudnduvej@developer.gserviceaccount.com",
        "client_id":"675203641351-pdvf18cfu4form1erjmq8agfudnduvej.apps.googleusercontent.com",
        "auth_provider_x509_cert_url":"https://www.googleapis.com/oauth2/v1/certs",
        "javascript_origins": [
            "http://localhost:5000"
        ]
    }
}