{"_module": "oauth2client.client", "token_expiry": "2014-09-29T03:51:27Z", "access_token": "ya29.jwDMxIb0Eb-tmvRir4iH7uZDbIEwUh1gujQhi1Ta0io61eHkMgAoy9dQ", "token_uri": "https://accounts.google.com/o/oauth2/token", "invalid": false, "token_response": {"access_token": "ya29.jwDMxIb0Eb-tmvRir4iH7uZDbIEwUh1gujQhi1Ta0io61eHkMgAoy9dQ", "token_type": "Bearer", "expires_in": 3600}, "client_id": "675203641351-pdvf18cfu4form1erjmq8agfudnduvej.apps.googleusercontent.com", "id_token": null, "client_secret": "xeKggF18M-iWWeQ7FyBoFAUS", "revoke_uri": "https://accounts.google.com/o/oauth2/revoke", "_class": "OAuth2Credentials", "refresh_token": "1/OEjInVTD_auBVqo8Yk1toyghJ-5xbJuUIBj58UIjVCg", "user_agent": "EVENTUM/0.1"}